"","author","Freq"
"1","??",6
"2","???",1
"3","??·O",1
"4","?¦b«Û",2
"5","?¦õ¾±",2
"6","?Êä«e",5
"7","A-Hao Lin",1
"8","Aasta Ming",2
"9","Abby Chen",2
"10","Abo Lin",2
"11","Ada Yu",5
"12","Adam Liu",4
"13","Adam Tam",4
"14","Adeline Tsai",2
"15","Aden Huang",4
"16","Agnes Tan",1
"17","Ah Choi",3
"18","Aiai Wang",5
"19","Aileen Chen",1
"20","Aileen Lin",8
"21","Akatsuki Yui",1
"22","Alan Liu",2
"23","Albee Chang",1
"24","Alex Chen",1
"25","Alex Hsu",1
"26","Alice  Mi",2
"27","Alice Chang",21
"28","Alice Lai",6
"29","Alice Tsai",7
"30","Alina Tai",1
"31","Alison Lin",1
"32","Allison Wu",2
"33","Alma Deng",4
"34","Amanda Huang",1
"35","Amanda Wang",4
"36","Amber Hsiao",1
"37","Amber Lin",4
"38","Amei Wang",2
"39","Amelie Chiang",1
"40","Amie Chiang",1
"41","Ammy Huang",1
"42","Amo Lin",2
"43","Amy  Tsai",13
"44","Amy Cheng",5
"45","Amy Chiang",1
"46","Amy Hsu",2
"47","Amy Tsai",3
"48","Amy Tseng",3
"49","Anderson Huang",1
"50","Andrea Green",2
"51","Andrew Chen",44
"52","ANdy Huang",1
"53","Angel Chiu",1
"54","Angel Huang",1
"55","Angel Lee",3
"56","Angel Peng",44
"57","Angel Wu",7
"58","Angel Yang",3
"59","Angela Ke",2
"60","Angela Wang",1
"61","Angelie Chang",4
"62","Anice Ru",3
"63","Anita Chang",17
"64","Anita Chen",1
"65","Ann Chen",1
"66","Ann Ku",1
"67","Ann Yu",2
"68","Anna Chen",1
"69","Anna Hu",7
"70","Anna Jen",4
"71","Anne Chang",1
"72","Anne Hsu",1
"73","Anne Wang",1
"74","Annick Wang",1
"75","Annie Chan",2
"76","Anny Chang",1
"77","Anny Tseng",3
"78","Anson Kuan",1
"79","Anson Tang",1
"80","Antoine Fan",1
"81","App Le",2
"82","April Chen",18
"83","April Yeung",1
"84","Ariana Kao",4
"85","Ariel Kao",3
"86","Ariel Liao",1
"87","Ariel Yu Zu",1
"88","Arisa Chou",1
"89","Arthur Tu",2
"90","Ash Change",1
"91","Au Megumi",1
"92","Audrey Liu",3
"93","Aurora Fan",2
"94","Austin Liang-wei Huang",1
"95","Auyeung Auyeungwaiping",2
"96","Avenda Lin",2
"97","Awei Wei",1
"98","Baby-baby Wang",2
"99","BabyShinji Hsu",1
"100","Bang-an Liou",3
"101","Belle Chen",1
"102","Benyan  Liu",5
"103","Berg Lai",2
"104","Bernice Tien",1
"105","Bertha Wang",1
"106","Berton Chang",1
"107","Beryl Chung",1
"108","Betty Chen",1
"109","Betty Li",1
"110","Bigeye Blythe",2
"111","Bill Cheng",2
"112","Bill Ronaldson",1
"113","Bittersweet Tsai",2
"114","Blair Lin",2
"115","Bobo Chang",6
"116","Bobonini Lee",8
"117","Bong Sc",1
"118","Bonnie Hui",5
"119","Bosh  Cheng",4
"120","Brian Lin",4
"121","Buan Buan",1
"122","Buddhaasia Wu",4
"123","Buenos Dias",1
"124","Bunny Gu",1
"125","C.k. Lin",2
"126","Caca  Chen",2
"127","Calu Liu",1
"128","Camille Bay",1
"129","Candice Chien",1
"130","Candy Liu",1
"131","Candy Lu Candy",1
"132","Candy Ru",2
"133","Candy Sun",1
"134","Candy Wang",1
"135","Carey Huang",1
"136","Carl Meng",10
"137","Carol Cheng",1
"138","Carrie Chen",1
"139","Carrie Cheung",1
"140","Carrie Deng",1
"141","Carry Wu",1
"142","Caspar Wang",100
"143","Catherine  Huang",8
"144","Catherine Chao",40
"145","Catherine Chen",1
"146","Catherine Wang",4
"147","Cathryn Chang",3
"148","Cathy Chang",63
"149","Cathy Ice",4
"150","Cathy Yip",1
"151","Cecilia Fang",11
"152","Cecilia Wang",25
"153","Cerata Wang",2
"154","Cha Chi  Ki",1
"155","Chan Stella",4
"156","Chance  Wang",1
"157","Chang Hung Ju",1
"158","Channing Chen",1
"159","Channing Yeh",9
"160","Chao Tin",1
"161","Chao Yun Chang",1
"162","Charity Hsu",7
"163","Charlotte Chiang Motto",4
"164","Cheekuong Goh",2
"165","Chen Cancercare",1
"166","Chen Chen Angel",3
"167","Chen Eva",1
"168","Chen Gen Huang",1
"169","Chen Kuo",1
"170","Chen Mickey",1
"171","Chen Milo",1
"172","Chen ShingFang",1
"173","Chen Yanyu",3
"174","Chen YI Sing",6
"175","Chen Zoey",1
"176","Cheng-yu Lin",1
"177","Cheng Ching-yu",1
"178","Cheng Kai Fan",1
"179","Cheng Wen Huang",2
"180","Cherry Chen",21
"181","Cherry Tsai",4
"182","Cherry Wei",2
"183","Cherry Yeung",1
"184","Chi-Jui  Wu",2
"185","Chi Bao",3
"186","Chi Cheng",15
"187","Chi Chi Kuo",1
"188","Chi Ho",1
"189","Chi Hsu",1
"190","Chi Kung",1
"191","Chia-chang Liu",2
"192","Chia-chen Chiang",1
"193","Chia-Hsien Liao",9
"194","Chia Fan Hsieh",1
"195","Chia Ling Kung",2
"196","Chia PingChang",2
"197","Chia Wei Lee",4
"198","Chiahua Lin",2
"199","Chialing Chen",1
"200","Chiang Leon",1
"201","Chieh Chang",1
"202","Chieh Jung Hou",1
"203","Chiehwei  Liu",1
"204","Chien-piao Lan",1
"205","Chien Hao Huang",2
"206","Chienhao Liao",1
"207","Chih Feng Liu",2
"208","Chih Hsu",1
"209","Chin-Jen Tsai",1
"210","Ching-Chun Ke",2
"211","Ching Chuang",1
"212","Ching Fen Lai",1
"213","Ching Lu",2
"214","Ching Ying",3
"215","Chiu Ko",1
"216","Chiung Lee",2
"217","Chloe Huang",1
"218","Chloe Woo",8
"219","Chn-chs Tang",5
"220","Chole Chen",3
"221","Chou Wen Yun",4
"222","Chris  Tsai",4
"223","Chris Li",1
"224","Chris Wang",3
"225","Chris Yuehua Lee",6
"226","Christine Chang",5
"227","Christine Lee",2
"228","Christine Lin",1
"229","Chu Anita",2
"230","Chuan Fang",1
"231","Chui Chui",3
"232","Chun Hsin Lin",1
"233","Chun Hui",1
"234","Chun Yi Wang",5
"235","Chung-Pin Wang",1
"236","Chung  Judy",8
"237","Chung Yuan Cheng",1
"238","Cincia Chen",39
"239","Cindy Chen",1
"240","Cindy Chiang",1
"241","Cindy Fan",2
"242","Cindy Su",1
"243","Cindy Tseng",3
"244","Citizen Huang",1
"245","Claire Apple Hu",5
"246","Claire Chen",3
"247","Claud Hsu",3
"248","Coco Chen",1
"249","Connie Chen",1
"250","Connie Cheung",4
"251","Connie Cho",1
"252","Constance Chen",1
"253","Crystal Lin",1
"254","Curry Cheuk",2
"255","CY Huang",2
"256","Cybil Chou",1
"257","Cynthia Chen",1
"258","Dai Ling",1
"259","Dan Chen",1
"260","Dana Hsu",1
"261","Daniel  Lee",3
"262","Daniel Huang",1
"263","Danny Lin",2
"264","Danny Su",2
"265","Daphne Hung",1
"266","Daphne Jao",1
"267","Darren Lo",6
"268","David Wang",1
"269","Debra  Sun",1
"270","Deengo Huang",1
"271","Delia Wu",3
"272","Deng Eason",3
"273","Dennisnj Chen",5
"274","Dianne Wang",5
"275","Djupelang Rupeljengan",3
"276","Dodoro Ho",2
"277","Dolly King",4
"278","Dolly Xu",1
"279","Doris Chen",1
"280","Doris Kuo",1
"281","Doris Lai",1
"282","Doris Lin",2
"283","Dynasty Chris",5
"284","Eason HU",1
"285","Eddie Lin",1
"286","Eden Law",1
"287","Edward Tsai",1
"288","Elaine Hung",1
"289","Elisha Law",3
"290","Elizabeth Liu",4
"291","Elsa Kuo",2
"292","Elsa Lin",31
"293","Elsa Tseng",1
"294","Elvina Wang",1
"295","Emilly  Lin",3
"296","Emily Chen",4
"297","Emily Liao",1
"298","Emily Lin",1
"299","Emily Lo",3
"300","Emily Wang",2
"301","Emma Hsu",10
"302","Emma Shen",1
"303","Emma Su",3
"304","Emma Weng",1
"305","En Lai Yeh",1
"306","Eric Hou",5
"307","Eric Hsieh",1
"308","Eric Wang",1
"309","Erica Chou",1
"310","Erin Sun",1
"311","Espenanza Lu",3
"312","Esther  Chang",5
"313","Esther Huang",2
"314","Eva'va Tai",1
"315","Eva  Li",1
"316","Eva Chang",1
"317","Eva Chen",2
"318","Eva Huang",1
"319","Eva Wu",2
"320","Eve Chen",5
"321","Evvie Li",1
"322","Fabe  Lin",1
"323","Fairylin Lin",1
"324","Fan  Michelle",4
"325","FanFan BuKa",6
"326","Fang Fang",1
"327","Fang Fang Liao",1
"328","Fanghsun Lin",4
"329","Fanny Hu",6
"330","Fary Lee",3
"331","Fazon Lee",7
"332","Fei Fei Chen",1
"333","Feng Chen",1
"334","Fenling Lin",1
"335","Fern Wu",1
"336","Fernando Gonzalez",2
"337","Ferrisa  Chu",1
"338","Fifi Wu",6
"339","Fify Hung",1
"340","Fion Lu",7
"341","Fiona  Chen",4
"342","Fiona Lin",1
"343","Fiona Liu",1
"344","Fiona Peng",2
"345","Fiona XD",4
"346","Fish Chen",17
"347","Flora Wang",1
"348","Flora Yang",1
"349","Fly Chen",1
"350","Fong Chen",2
"351","Fozia Yu",6
"352","Frank Huang",4
"353","Frank Li",11
"354","Frank Yang",5
"355","Freda Tong",21
"356","Freddy Wang",3
"357","Freedom Fly",2
"358","Frieda  Chen",1
"359","Fu MengHan",1
"360","Fuhua Feng",1
"361","Gary Teng",1
"362","Gen Youn Hong",1
"363","Geneva Liang",9
"364","George Chen",2
"365","George Chi",1
"366","Gi Chang",1
"367","Gigi Su",2
"368","Gill WU",2
"369","Giuliano Huang",5
"370","Gladys Hsieh",1
"371","Gladys Lim Guat LI",3
"372","Gladys Lin",1
"373","Glamor Lin",3
"374","Gloria Wang",2
"375","Gloria Wu",1
"376","Gordonmama Joan",1
"377","Grace Chiang",2
"378","Grace Liang",9
"379","Grace Mai",1
"380","Grace Yang",1
"381","Guey An Juang",2
"382","Halaji  Hali",5
"383","Han Wu",2
"384","Hannah Wang",1
"385","Happy Hong",1
"386","Harriet Liao",5
"387","Hc Lin",1
"388","Heaven Wang",1
"389","Heero Lam",1
"390","Helen  Lai",2
"391","Helen  Lin",1
"392","Helen Mac",5
"393","Henry Wang",3
"394","Herb Yins",1
"395","Herman Chen",1
"396","Hestia Liao",10
"397","Heywood Kong",1
"398","Ho Jenson",1
"399","Hon Huei Liu",2
"400","Hong Yu",4
"401","Hongyu Kai",1
"402","Hou Paoilu",20
"403","Howard Hsu",1
"404","Howard Pan",1
"405","Howie Huang",1
"406","Hsiao Ching Chen",3
"407","Hsiao Chu Chen",4
"408","Hsiao Ming",1
"409","HsiaoPing Shen",1
"410","Hsiaowei Chen",3
"411","Hsieh Chih Chieh",38
"412","Hsien-kuo  Chiou",1
"413","Hsien Hsiao",1
"414","Hsin-Chung Chen",1
"415","Hsin-yi Chen",1
"416","Hsin Mei Wang",2
"417","Hsin Pei Liu",4
"418","Hsin Pin",1
"419","Hsinyi Lin",1
"420","Hsiu Hsiu Candy",14
"421","Hsiulin  Huang",1
"422","Hsuan Liu",2
"423","Hsuan Wen Chen",1
"424","Hsueh Hua Chang",6
"425","Hu Derry",2
"426","Hua  Chang",1
"427","Huang Bu Bble",1
"428","Huang Hua",1
"429","Huang Kai",2
"430","Huang Te Sheng",1
"431","Huang Yc",2
"432","Huang Yi Chen",1
"433","Huang Ziping",3
"434","Hui-wen Zaun",1
"435","Hui Chen Wu",1
"436","Hui Hui Wang",4
"437","Hui Jun Zhou",15
"438","Huiya Chen Biasillo",8
"439","HuiYu Chien",1
"440","Humg Chiao Rung",1
"441","Hung-Ju Lin",1
"442","Hung Wen Wang",1
"443","Hung YI Ling",10
"444","HY Ko",6
"445","I-huei Wu",4
"446","Iceberg Huang",1
"447","Iok Teng Ho",1
"448","Irene Chuang",1
"449","Irene Lin",2
"450","Irene Lu",1
"451","Irene Tsai",1
"452","Iris Chen",1
"453","Iris Lee",2
"454","Iris Lin",5
"455","Iris Nien",1
"456","Iris Wang",13
"457","Iris Wu",3
"458","Isa Huang",1
"459","Isa Wang",1
"460","Isabel Lu",4
"461","Isabella Tsao",1
"462","Ivan Hung",1
"463","Ivan Lin",1
"464","Ivan SK Tan",5
"465","Ivy  Chang",7
"466","Ivy Huang",2
"467","Ivy Qiu",2
"468","Ivy Rice",1
"469","Ivy Wang",1
"470","J-t House",2
"471","J.C. Koh",3
"472","Jacqueline Lee",1
"473","Jam My",3
"474","James Lee",2
"475","James Lin",3
"476","James Yin Chou",1
"477","Jamie  Chen",9
"478","Jamie Cho",2
"479","Jamie Su",1
"480","Jance Jance Jance",9
"481","Jane  Soong",1
"482","Jane Cheok",4
"483","Jane Huang",4
"484","Jane Lin",1
"485","Jane Liu",2
"486","Jane Yu",2
"487","Janis Wang",7
"488","Jasmine  Tsai",1
"489","Jasmine Liang",1
"490","Jasmine Lyu",1
"491","Jasmine Yap",16
"492","Jason Lee",2
"493","Jason Li",1
"494","Jay Shen",1
"495","Jazz Tham",1
"496","Jean Liao",1
"497","Jeanette Shao",9
"498","Jeff CH Ng",41
"499","Jeff Chen",7
"500","Jeff Lee",1
"501","Jeff Tsai",1
"502","Jen Yu Hsien",1
"503","Jenice Wong",4
"504","Jennice Lu",1
"505","Jennifer Peng",1
"506","Jennifer Yen",1
"507","Jennifer Yun",1
"508","Jenny Liao",2
"509","Jenny Lin",1
"510","Jenny Liu",1
"511","Jenny Tsai",1
"512","Jensen Ip",1
"513","Jeny Chen",3
"514","Jerry  Lin",3
"515","Jerry Chiu",1
"516","Jerry Ho",9
"517","Jessica Chang",2
"518","Jessica Cheng",7
"519","Jessica Chu",2
"520","Jessica Liang",1
"521","Jessie  Lin",1
"522","Jessie Hsu",1
"523","Jessie Koh",6
"524","Jessie Lan",2
"525","Jessie Tung",3
"526","Jessy Tsai",2
"527","Jhih-Tang Syu",2
"528","Jia-Chi Stella Chang",3
"529","Jia-li Tsai",1
"530","Jia-Ying Chu",1
"531","Jia Rung Chang",2
"532","Jia Shin Chen",1
"533","Jia Shyr Chuang",4
"534","Jiang Hao Ting",2
"535","JiangboKi Chen",1
"536","Jiangxia Luo",4
"537","Jiaru  Zhuang",1
"538","Jim Chin",1
"539","Jim Wang",1
"540","Jin Lim",1
"541","Jin Tsai",1
"542","Jing-Pei Yang",1
"543","Jing Hung Jan",10
"544","Jing Lifang",7
"545","Jing Ren Liu",1
"546","Jing Yi Ting",1
"547","Jingo Lin",1
"548","Jingsheng Kao",1
"549","Jini Black",1
"550","Jiuan Chen",1
"551","Jiy Wey",7
"552","Jiyun Chen",2
"553","JJ Lu",1
"554","Jmc Chin",2
"555","Jo Yang",2
"556","Joan Chang",1
"557","Joan Chou",1
"558","Joan Wang",6
"559","Joanna Chang",1
"560","Joanna Huang",2
"561","Joanna Tsai",1
"562","Joanne Chien",5
"563","Joanne Hung",1
"564","Joanne Juang",2
"565","Joanne Lin",1
"566","Joanny Chan",1
"567","Jocelyn Tu",2
"568","Jocelyn Yang",1
"569","Jocelyn Zeng",1
"570","Joe BC",2
"571","Joe Hsu",6
"572","Joe Lee",7
"573","Joey Lo",4
"574","John Lai",1
"575","John Ong",1
"576","Johnny Tse",2
"577","Johnson Chen",1
"578","Johnson Wu",1
"579","Jojo Lin",2
"580","Jolin Chen",2
"581","Jong-Tay Chen",3
"582","Jong Sing",15
"583","Jose Wang Mao",86
"584","Jou Chun Lu",4
"585","Joy Chen",21
"586","Joy Hsu",1
"587","Joyce  Kao",1
"588","Joyce Hsu",107
"589","Joyce Huo",1
"590","Joyce Lee",2
"591","Joycelin Chen",5
"592","Jr Lee",2
"593","Jude Chang",1
"594","Judy  Hsueh",1
"595","Judy Chen",1
"596","Judy Chuang",1
"597","Judy Huang",2
"598","Jui Chu Jao",1
"599","Juinting Lin",1
"600","Julia Chen",1
"601","Julia Wei",1
"602","Julie Chen",4
"603","Julie Minakawa",8
"604","Julie Tsai",1
"605","Jun Wei",1
"606","Jung-yi Alice Hsieh Daugherty",1
"607","Junko Chung",1
"608","Junny Chang",1
"609","Justice Guan",1
"610","Justine Chi",2
"611","Ka Chon Un",1
"612","Kai Hsiao",3
"613","Kamila Lin",10
"614","Kang Miti",2
"615","Kao Mark",2
"616","Karen  Chung",4
"617","Karen Meng",1
"618","Karen Sky",3
"619","Karin Lee",1
"620","Karoline Chen",1
"621","Kate Su",1
"622","Kath Lin",1
"623","Kathleen Bowman",1
"624","Kathy Chien",1
"625","Kathy Mankk",2
"626","Kathy Su",3
"627","Katie  Lin",4
"628","Katie Sun",2
"629","Kaufman Chang",1
"630","Kaung Chen",1
"631","Kay Huang",1
"632","Kay Liu",2
"633","Kaya Hsu",5
"634","Kayla Shen",1
"635","Kazue Lee",5
"636","KC Hsiao",1
"637","Keenya Mai",7
"638","Kel Choi",7
"639","Kelly  Hsu",8
"640","Kelly Chai",1
"641","Kelly Chen",1
"642","Kelly Cheung",1
"643","Kelly Huang",7
"644","Kelly Ku",1
"645","Kelly Lai",1
"646","Kelly Lan",1
"647","Kelly Liu",1
"648","Kelly Wang",58
"649","Kelly Yueh",1
"650","Kellygi Tsai",2
"651","Kelvin Pai",2
"652","Ken Chu",1
"653","Ken Ying Yang",6
"654","Kenny Su",3
"655","Kenny Wu",1
"656","Kent Chew",1
"657","Kent Wu",1
"658","Kerrisa Wang",1
"659","Kevin Chang",1
"660","Kevin Chen",9
"661","Kevin Wang",2
"662","Kevin Wu",1
"663","Kevin Yu",1
"664","Khang Yong Lee",5
"665","Ki Wi Lin",11
"666","Kibun Tan",2
"667","Kiddy Lioa",1
"668","Kiki Chen",3
"669","Kilo Hsu",1
"670","Kim Lo",36
"671","Kimberly Yang",2
"672","Kimi Liu",1
"673","Kitty Hello",7
"674","Kitty Hsu",7
"675","Kitty WU",5
"676","Kiwiki Chen",1
"677","Kochieh Huang",2
"678","Komatsui Chang",2
"679","Koni Lu",2
"680","Kris Yen",1
"681","Kristine Kan",5
"682","Kuang-Ing Wu",1
"683","Kun Sheng Cheng",2
"684","Kuo Jing Jing",1
"685","Kuo Po Chuan",1
"686","Kuo Yu Kuan",4
"687","Kuochung Hsueh",1
"688","Lai Kuan Lin",1
"689","Lai Melody",2
"690","Lai Menglin",5
"691","Lai Nick",1
"692","LaiPing Wong",2
"693","Lala Xie",1
"694","Lalita Liou",2
"695","Lan Kuo",1
"696","Landy Lin",1
"697","Lasy Li",1
"698","Leaf Yeh",1
"699","Leah Wu",1
"700","Lee-Fen Liu",1
"701","Lee Chia Hui",1
"702","Lee Laalaa",2
"703","Lee Tiger",1
"704","Leisurely Xin",1
"705","Lena Chang",1
"706","Leo Lee",1
"707","Leon  Liao",1
"708","Leona Lin",2
"709","Leong Tong Hoi",6
"710","Li Chia Hsiu",1
"711","Li Chin Chen",1
"712","Li Hiang Chai",1
"713","Li Jen",1
"714","Li Li Man",1
"715","Li Ping Huang",8
"716","Li Sa",1
"717","Li Shan Shih",2
"718","Lilian Wu",1
"719","Lily Hsu",3
"720","Lily Lee",1
"721","Lily Tsai",4
"722","Lily Wong",3
"723","Lin Aileen",1
"724","Lin Chen",1
"725","Lin Hou",3
"726","Lin Meiqi",1
"727","Lin Y Un",2
"728","Lin Yu Ling",1
"729","Lin Zozo",1
"730","Lina Tiong",1
"731","Lina Wang",25
"732","Linda Chang",1
"733","Linda Chen",4
"734","Linda Chou",2
"735","Linda Lu",2
"736","Ling Ling",8
"737","Ling ZI",4
"738","Linna Tsai",1
"739","Linr Fioe",3
"740","Lisa  Lang",1
"741","Lisa Lin",1
"742","Lishow Chiou",1
"743","Little-Chien Chang",1
"744","Little Anna",3
"745","Littlejo Wen",1
"746","Lois Ning",1
"747","Longer  Chou",9
"748","Lori Fu",1
"749","Louis T Lee",3
"750","Lowry Lin",3
"751","Lu Ann L",16
"752","Lu Tingyin",1
"753","Lucy Chen",1
"754","Lucy Shen",2
"755","Ludan Chen",1
"756","Lun Lun Chien",2
"757","Lydia Ko",1
"758","Lydia Tu",4
"759","Lydia Wong",1
"760","Lyn C. Lin",2
"761","Lynn-Hsuan Huang",3
"762","Lynn Lai",4
"763","Lynn Lin",1
"764","Lynn Lu Lynn",2
"765","M?ckey Hs?",1
"766","Ma Naki",3
"767","Mac Jack",1
"768","Mac Lan",1
"769","Maggie  Chong",11
"770","Maggie Chi",1
"771","Maggie Hou",1
"772","Maggie Lin",1
"773","Maggie Song Xiang",1
"774","Maggie Wang",5
"775","Maggie Yang",1
"776","Maine Coon Yamato Lin",1
"777","Man Chan",6
"778","Man Ling Wu",2
"779","Mandy Hsu",13
"780","Mandy Lin",1
"781","Mandy Liu",5
"782","Mao Tsai",1
"783","Maou Grace",2
"784","Maple Chou",1
"785","Marcelo Ho",1
"786","Marco Chen",1
"787","Margaret Lin",1
"788","Marilyn Chung",7
"789","Marisa Wu",1
"790","Mark Huang",2
"791","Maruko Hsu",27
"792","Masha Lin",1
"793","Matthew Song",4
"794","Mavis Huang",11
"795","Mavis Lin",1
"796","Max Mao",1
"797","Max Tu",1
"798","May Cheng",20
"799","May Fan",2
"800","May Huang",4
"801","May Lan",1
"802","May Lee",2
"803","May Lin",1
"804","MC Hsiao",1
"805","Meei Lin",1
"806","Mei-Yu Liu",2
"807","Mei Chen",4
"808","Mei Lin",1
"809","Mei Mei",5
"810","Mei Tsh",1
"811","Mei Tu",45
"812","Meilian Wang",1
"813","Meimei Wang",1
"814","Meina Chang",1
"815","Meko Tsang",7
"816","Melody Hsu",1
"817","Melody Mai",1
"818","Memphis Cheng",10
"819","Memphis Sun",5
"820","MengFang Yang",3
"821","Mentor Lee",1
"822","Mergy Liu",1
"823","Mg Mg",4
"824","Mi Mi Lin",1
"825","Mia Ku",2
"826","Mia Ma",1
"827","Miao Li",2
"828","Michael Chien",1
"829","Michael Huang",2
"830","Michael Tsai",2
"831","Michael Yang",1
"832","Michelle Chow",1
"833","Michelle Hsu",1
"834","Michelle Liao",1
"835","Midi Cheng",1
"836","Miffy Chan",1
"837","Miffy Chen",5
"838","Miffy Chiu",3
"839","Mike Huang",1
"840","Mike Lee",1
"841","Mike Mac",1
"842","Mike Seven",1
"843","Mild King",2
"844","Milu Lin",2
"845","Mimi Lee",3
"846","Mimi Lin",8
"847","Mimi Yu",1
"848","Min-Han Huang",1
"849","Min-Jhan Wu",1
"850","Min-Ling Cheng",4
"851","Min Kuan Lin",1
"852","Min Kwok",3
"853","Min Tzu Lu",1
"854","Mina  Chen",2
"855","Mina Hung",1
"856","Ming-Tao Hsu",3
"857","Ming Fong Li",2
"858","Ming Shi",4
"859","Ming Shiang Chang",2
"860","Miu Miu Wang",1
"861","Miyuki Yen",2
"862","Mok S L Candice",2
"863","Mok Seng Lee",1
"864","Molly Lin",2
"865","Momo Chen",1
"866","Momo Lu",4
"867","Monica Kao",2
"868","Monica Meng",1
"869","Munro Mengjue Chiang",1
"870","NA DO",1
"871","Nancy  Chou",7
"872","Nancy Ku",1
"873","Nankang In",1
"874","Nanna Hou",2
"875","Nash Hakeen",2
"876","Neda Wa",1
"877","Neil Liu",8
"878","Nerissa Lee",1
"879","Nerissa Peng",1
"880","Nian Nian",31
"881","Nick Huang",1
"882","Nick Ko",8
"883","Nick Wu",2
"884","Nicky Chen",1
"885","Nico Chen",1
"886","Nicole Hsu",1
"887","Nicole Liao",3
"888","Nicole Tsai",1
"889","Nicole Wang",1
"890","Nien-ching  Chen",1
"891","Niki Yang",1
"892","Nikki Chen",1
"893","Nikki Ding",17
"894","Niko Chang",1
"895","Nina Nina",8
"896","NiNi Chen",1
"897","Noemi Wang",19
"898","Nomie Chan",1
"899","Odette Liu",1
"900","Olimpia Lin",20
"901","Ophelie Hsu",6
"902","Orz Xue",1
"903","Oscar Grandier",14
"904","Pai Chao",1
"905","Pai Lee",1
"906","Pang Yong Sheng",2
"907","Paowa Yang",3
"908","Patricia Sun",1
"909","Patrick Chi-Chin Tsai",1
"910","Patty Chen",1
"911","Patty Jin",1
"912","Patty Shen",2
"913","Patty Tung",1
"914","Paul Chen",1
"915","Paul Pai",9
"916","Paulina Li",3
"917","Pauline Wu",43
"918","Pearl Chen",1
"919","Peggy Chan",1
"920","Peggy Chiang",1
"921","Peggy Lee",2
"922","Peggy Lin",1
"923","Peggy Yu Ching",1
"924","Pei-Lin Wu",1
"925","Pei-ling Chiu",1
"926","Pei Chun Chen",2
"927","Pei Pei Shen",2
"928","Pei Shan Fang",1
"929","Peilin Tsai",1
"930","PeiPei Huang",1
"931","Peiwei Ku",1
"932","Peiying Wang",1
"933","Pelly Young",1
"934","Pemadroma Jiang",1
"935","Pengnan Jiang",2
"936","Peter Lin",10
"937","Phoebe Chen",2
"938","Phoebe Lu",1
"939","Pi-Lan  Hsu",1
"940","Pi Guei Chen",1
"941","Pi Wanm",2
"942","Ping-tsun Perry Chang",1
"943","Ping Cheng",1
"944","Pinky Lee",1
"945","Pinty Jean",6
"946","Piper Hu",4
"947","Pirooii Chen",1
"948","Pixie Y. Ho",5
"949","Po-lin Chen",2
"950","Polly  Wei",2
"951","Ponstant Hsu",2
"952","Poya Hsu",1
"953","Poyu Tseng",1
"954","Pttech App",1
"955","Pucca May",2
"956","Q May Chen",2
"957","Qingyi Chen",1
"958","Qiu-tong Guo",1
"959","Qiu Xiao",2
"960","Qmo Jei",1
"961","Qqdbear Hsu",3
"962","Rachel Lu",27
"963","Rachelle Chen",6
"964","Racky Wu",1
"965","Rae Chen",2
"966","Rain Hsu",5
"967","Rain Lau",1
"968","Rap Kao",1
"969","Ray Chen",1
"970","Ray Chiu",1
"971","Real Thefoursho",1
"972","Rebecca Chen",1
"973","Rebecca Lee",2
"974","Rebecca Tsai",1
"975","RedRed Hong",2
"976","Regine  Huang",1
"977","Rei Chang",3
"978","Reta Chiu",3
"979","Rh Tseng",2
"980","Rice Bug",1
"981","Rich Wang",9
"982","Rick Huang",1
"983","Ricky Leung",1
"984","Rita  Wu",6
"985","Rita Lin",16
"986","Rita Su",2
"987","Rita Wu",41
"988","Riven Liang",25
"989","Robert Huang",4
"990","Rocky  Su",1
"991","Room Rao",2
"992","Rose Chen",1
"993","Ruby Chen",3
"994","Ruei Ching Jian",8
"995","Ruey Jen Lin",2
"996","Ruey Wang",2
"997","Rui Zhen Ooi",2
"998","Rung-li Hsiao",2
"999","Russo Wu",1
"1000","Ryan Lai",1
"1001","Ryo Chan",6
"1002","Sabrina Chu",1
"1003","Sally Chung",2
"1004","Salome Hung",6
"1005","Sam Choi",2
"1006","Sam Sam",6
"1007","Sammie Shao",1
"1008","Sammy Lee",1
"1009","Samson Chu",3
"1010","Sana Mutou",3
"1011","Sandra Peng",2
"1012","Sandy  Chu",7
"1013","Sandy Fang",1
"1014","Sandy Li",9
"1015","Sandy Lin",1
"1016","Sandy Wang",2
"1017","Sandy Wong",10
"1018","Santiago Tam",2
"1019","Sarah Iwasaki",1
"1020","Sauniau Hsu",1
"1021","Savall Yang",1
"1022","Sawa Gu",1
"1023","Schiller Chin",1
"1024","Scott Chen",5
"1025","Scott Khoo",1
"1026","Scott Lin",14
"1027","SD Angie",5
"1028","SD Yu",11
"1029","Serena Chiang",1
"1030","Serena H HS",5
"1031","Serena Lu",1
"1032","Serena Shen",2
"1033","Serene Su",2
"1034","Setlla Pearl",1
"1035","Sew Hua Tan",1
"1036","Shalom Woo",7
"1037","Shaotseng  Ho",1
"1038","Sharon Chen",2
"1039","Sharon Huang",2
"1040","Sharon Shen",1
"1041","Sharon Yang",1
"1042","Sheep Yang",1
"1043","Sheila Khaw",1
"1044","Shelly Hsu",6
"1045","Shen Shi Chen",2
"1046","Sheng-Chi Peng",2
"1047","Sheng Lung Chiang",1
"1048","Sherene Perng",1
"1049","Sherry  Chien",4
"1050","Sherry Chen",5
"1051","Sherry Hsu",1
"1052","Sherry Lin",5
"1053","Sherry Wang",10
"1054","Sherry Wu",1
"1055","Shi Hao Lin",20
"1056","Shih-ming  Chen",2
"1057","Shih-Yun Chen",3
"1058","Shih-yung Chan",3
"1059","Shih Chieh Chan",1
"1060","Shing Shing Tang",1
"1061","Shinhuei Tsai",2
"1062","Shining Lu",1
"1063","Shirley Chan",1
"1064","Shiu Yu Bing",1
"1065","Shiue Annie",1
"1066","ShouiLiang  Wong",1
"1067","Showching Han",1
"1068","Shu-hong Huang",2
"1069","Shu-huei Li",1
"1070","Shu-niu Chen",1
"1071","Shu-tsung Ho",1
"1072","Shu Ping Yang",1
"1073","Shu YA Fen",8
"1074","Shu Ying Tsai",2
"1075","Shuhua Chiang",2
"1076","Silvia Yeh",2
"1077","Simon Chang",2
"1078","Simon Cheng",1
"1079","Simon Lin",4
"1080","Simon Tsai",1
"1081","Simon Wu",1
"1082","Sisme Chen",3
"1083","Sker Coka",1
"1084","Sky Juan",1
"1085","Smart Jade",2
"1086","Sophia Ho",1
"1087","Sophia Lee",4
"1088","Sophia Su",3
"1089","Stacy Wu",1
"1090","Stanley Liu",2
"1091","Stella Lin",3
"1092","Stephanie Chen",1
"1093","Steven  Liu",1
"1094","Steven Hsieh",2
"1095","Steven Mao",5
"1096","Sue Cho",1
"1097","Sugar Chen",3
"1098","Summer Huang",4
"1099","Sumyu Wong",1
"1100","Sun Sun",1
"1101","Sun Win",1
"1102","Sunny Hsu",1
"1103","Sunny Huang",16
"1104","Suoshishi  Wu",3
"1105","Susan Chiang",4
"1106","Susan Hsieh",1
"1107","Susan Hung",1
"1108","Syen-min Wang",1
"1109","Syliv Lin",1
"1110","Sylvia Chi",2
"1111","Sze Yuan Yang",1
"1112","Szu-chen  Lin",2
"1113","SzuYu Yao",1
"1114","T?ne Hsu",1
"1115","Ta Lotus",20
"1116","Tammy  Yu",4
"1117","Tammy Lor",2
"1118","Tawei Chiang",2
"1119","Tea Li",1
"1120","Teresa Chang",3
"1121","Teresa Wu",1
"1122","Teri Tai",1
"1123","Thomas Chen",1
"1124","Tien Chen",1
"1125","Tifa Hsieh",1
"1126","Tiffany Ge",7
"1127","Tiffany Pan",4
"1128","Tin Liang",13
"1129","Tina  Chen",1
"1130","Tina  Wang",1
"1131","Tina Chang",2
"1132","Tina Chen",1
"1133","Tina Cheng",7
"1134","Tina Chiou",1
"1135","Tina Chiu",4
"1136","Tina Chou",1
"1137","Tina Huang",1
"1138","Tina Hung",4
"1139","Tina Leaf",1
"1140","Tina Lee",1
"1141","Tina Lin",1
"1142","Tina Liu",1
"1143","Tina Pan",21
"1144","Tina Yip",1
"1145","Ting-Wei Lin",1
"1146","Tkice Blood",2
"1147","Tn  Liu",2
"1148","TO CP TA",1
"1149","Tobey Chen",1
"1150","Tobi Tsao",3
"1151","TobyKathy BoYi",5
"1152","Tomoko Lee",2
"1153","Tony Chen",2
"1154","Toto Chang",4
"1155","Toy Tao",3
"1156","Tracy Chang",11
"1157","Tracy Cheng",1
"1158","Tracy Chu",1
"1159","Trip Chen",2
"1160","Tsai Wan Chen",1
"1161","Tsai Yi Ting",3
"1162","Tsaichieh Kao",1
"1163","Tsailing  Lin",1
"1164","Tsaiyun Tsai",1
"1165","Tsui Teresa",1
"1166","Tsung Wan Huang",1
"1167","Tyler Hsiao",1
"1168","Tzu-yi Yip",29
"1169","Tzu-Yin Yang",8
"1170","Tzu Tzu",2
"1171","Tzuya Chen",5
"1172","Tzuyun Chou",1
"1173","Uan Chen",1
"1174","Uly  Chen",1
"1175","UT Weng",1
"1176","Vakey Vakey",1
"1177","Vanessa Chen",6
"1178","Vanessa Wu",2
"1179","Veronica Liu",1
"1180","Verrine Hsu",2
"1181","Vettel Tsai",5
"1182","Vick Shih",1
"1183","Vickey Tsai",1
"1184","Vickia Jiang",2
"1185","Vicky Chen",1
"1186","Vicky Dai",1
"1187","Vicky Hsu",1
"1188","Vicky Lin",6
"1189","Vicky Liu",2
"1190","Vicky Tsai",3
"1191","Victor Chang",1
"1192","Victoria Liu",29
"1193","Vida Pan",13
"1194","Vinny Lin",1
"1195","Viola Lin",5
"1196","Vivi Chen",1
"1197","Vivi Chiang",1
"1198","Vivi Liang",4
"1199","Vivian Chen",13
"1200","Vivian Chou",1
"1201","Vivian Tseng",1
"1202","Wa-Wa Chiang",1
"1203","Wafee Wang",1
"1204","Wai Chung Wong",1
"1205","Wan-Hsuan Shen",7
"1206","Wan-jhih Hsieh",2
"1207","Wan Chun Chen",2
"1208","Wan Wan Wan",7
"1209","Wang Kai Wei",4
"1210","Wang Wei Min",1
"1211","Wangchinwan",1
"1212","Wayne Huang",6
"1213","Wei-Jyun Lai",2
"1214","Wei Syuan",7
"1215","Wei Tsai",2
"1216","Wei Wei",4
"1217","Wei Wei OU",1
"1218","Weiko Victor",6
"1219","Weison Lee",2
"1220","Welson Wang",4
"1221","Wen-Chi Chou",12
"1222","Wen Hsu",1
"1223","Wen Kuei Tsai",2
"1224","Wen Wen",1
"1225","Wen Yi Wang",13
"1226","Wendy Chuang",2
"1227","Wendy Juan",1
"1228","Wenhsin Chang",1
"1229","Wenwen Lin",2
"1230","wenwen wendy",3
"1231","Wh Cheng",2
"1232","Whchg Hung",1
"1233","Whitney Chiu",1
"1234","Wilang Bason",2
"1235","Willen Wei",1
"1236","William Chan",1
"1237","William Chang",2
"1238","Willy Yuan",1
"1239","Win Chen",1
"1240","Wing Chan",5
"1241","Winnie Cheng",3
"1242","Winnie Lin",1
"1243","Winpin Wu",1
"1244","Woem Woem Gnah",1
"1245","Wong Ching Yu",2
"1246","Wu-Yo Wu-Ree",1
"1247","Wu Angel",4
"1248","Wu Chen-An",2
"1249","Wu Chiu-Hsueh",1
"1250","Wu Domo",3
"1251","Wu Han Weng",2
"1252","Wu San",8
"1253","Xia-Yuan Shang-Tai Cheng",1
"1254","Xiaoya Huang",1
"1255","Xin Wei",2
"1256","Xiu Xia Tu",5
"1257","Ya-chi Chen",1
"1258","Ya Hui",1
"1259","Ya Wen Chang",18
"1260","Yaching Sung",1
"1261","Yahan Hsu",1
"1262","Yan Cherry",1
"1263","Yan Chuan",3
"1264","Yan Ling",6
"1265","Yan Liu",1
"1266","Yang Su Su",1
"1267","Yang Yang",2
"1268","Yangui Akuyayana",1
"1269","Yannis Xu",1
"1270","Yap Foong Qu",4
"1271","Yasa Tsai",2
"1272","Yeh Zt",1
"1273","Yen-Long Sern",1
"1274","Yen-Yuang Xiang",1
"1275","Yen Te Tsung",1
"1276","Yeon Yeon",1
"1277","Yi-Ching Tsai",2
"1278","Yi-hui Wang",1
"1279","Yi-jin Lin",1
"1280","Yi-Ling Lee",3
"1281","Yi-ting Zhang",1
"1282","Yi-yo Lin",1
"1283","Yi Chen",4
"1284","Yi Chi Chao",7
"1285","Yi Fen",1
"1286","Yi Ling Liu",5
"1287","Yi Ping Yen",2
"1288","Yi Ting Chuang",1
"1289","Yi Ting Huang",5
"1290","Yiahung Hong",31
"1291","Yiling Chen",2
"1292","Yimei Hsiao",1
"1293","Yin Chang",2
"1294","Ying Chiu Huang",1
"1295","Ying Hsien Tseng",3
"1296","Ying Hsing Lai",3
"1297","Yipin Hung",1
"1298","Yiwei Wu",5
"1299","Yiyin Liu",2
"1300","Yj Dan",29
"1301","Yo Cheng Luo",1
"1302","Yu- Chen Tsai",2
"1303","Yu-Chang Lin",35
"1304","Yu-chen Yang",1
"1305","Yu-Hsiang Liu",2
"1306","Yu-shan Huang",7
"1307","Yu-tzu Pai",1
"1308","Yu-Wei Chuang",3
"1309","Yu-yuan Ma",4
"1310","Yu Chieher",1
"1311","Yu Ching",3
"1312","Yu Hsu",1
"1313","Yu Jet Chou",2
"1314","Yu Jia Jhang",1
"1315","Yu Ju Hidja-Shih",1
"1316","Yu Lin",9
"1317","Yu Pei",3
"1318","Yu Shan Huang",2
"1319","Yu Shan Lan",2
"1320","Yuan-Hung Wu",1
"1321","Yuan Wu",1
"1322","Yuca Chiang",4
"1323","Yuchen King",17
"1324","Yuchi Liu",1
"1325","Yueh-Ling Chao",2
"1326","Yueh Carol",9
"1327","Yueying Chen",3
"1328","Yufang Tseng",2
"1329","Yugi Tsai",8
"1330","Yujr Chang",2
"1331","Yuka Lee",1
"1332","Yuki Hsc",1
"1333","Yuki Yea",1
"1334","Yumin Tsai",1
"1335","Yung-Hsuan Tsai",11
"1336","Yung Chen",2
"1337","Yung Hsiang Chen",2
"1338","YunJu Chen",2
"1339","Yuping Chen",2
"1340","YuTing Huang",1
"1341","YuWen Chen",1
"1342","Yuyi Lin",3
"1343","Yvonne Chiu",2
"1344","Yvonne Lai",1
"1345","Yvonne Rau",1
"1346","Yvonne Su",2
"1347","Zhang Nick",3
"1348","Zhihao Chen",3
"1349","Zhu Xiaoqi",1
"1350","Zi-mei Huang",1
"1351","Zi Yan Chan",1
"1352","Zing Lin",1
"1353","Zingy Chang",1
"1354","Zoe Chang",1
"1355","Zoe Tsai",1
"1356","¤@ªÑ±i",1
"1357","¤B¾å«B",1
"1358","¤D±k±i",1
"1359","¤_§Jà±",1
"1360","¤_Ô¢",2
"1361","¤_ÀnÀn",29
"1362","¤j¤ô¤T",16
"1363","¤j¨{¨k",3
"1364","¤jÀY¤jÀY",1
"1365","¤jÁy©W",3
"1366","¤p°Ò¤p°Ò",1
"1367","¤pÄåÄå",6
"1368","¤Ë¤h³Ó",4
"1369","¤ÍÂ@Ã¹",6
"1370","¤¨§gÁ{",1
"1371","¤ä°Ò¦p",1
"1372","¤å¶i",6
"1373","¤å¶®",3
"1374","¤åÄ_¨à",1
"1375","¤è¤O¤å",6
"1376","¤è¹Å»Ê",1
"1377","¤ý¤l¤ª",11
"1378","¤ý¤p¶²",1
"1379","¤ý¤pÄ_",1
"1380","¤ý¤ë®ç",1
"1381","¤ý¥H¸©",1
"1382","¤ý¥©¬Â",1
"1383","¤ý¥Ã½÷",4
"1384","¤ý¥ú´_",1
"1385","¤ý¦p¼z",1
"1386","¤ýÊ»¤å",1
"1387","¤ý§Ê§Ê",3
"1388","¤ý§ø§ø",1
"1389","¤ý¨qªâ",1
"1390","¤ý¨q«W",1
"1391","¤ý¨|¸Û",4
"1392","¤ýªF¥§",1
"1393","¤ýª÷Às",6
"1394","¤ý«F®Ë",2
"1395","¤ý«ä³ì",1
"1396","¤ý¬KºÖ",7
"1397","¤ý¬f¾±",1
"1398","¤ý¬è¨ç",1
"1399","¤ý¬üµÎ",4
"1400","¤ýÐwã¸",1
"1401","¤ý®¶¦t",1
"1402","¤ý°¶´@",2
"1403","¤ý±Ó®S",3
"1404","¤ý²Q¥É",4
"1405","¤ý²»¦X",30
"1406","¤ý²ûØÝ",5
"1407","¤ý´I·ç",1
"1408","¤ýµ¾¶h",1
"1409","¤ý¶Q¾ì",1
"1410","¤ý·u³Õ",1
"1411","¤ý·½¼y",4
"1412","¤ý·çª@",1
"1413","¤ý¸r´f",20
"1414","¤ýºû¨°",4
"1415","¤ý¼ä",2
"1416","¤ý¾|±ö",1
"1417","¤ýÀR»ö",1
"1418","¤ýÁ¨ºÕ",2
"1419","¤ýÂ@ÄË",1
"1420","¤ýÃd´f",20
"1421","¤ýÄR¯Â",1
"1422","¤ýÄ_¬L",1
"1423","¤ýÅDÀs",2
"1424","¤ýÅtÄ«",1
"1425","¥j¥É³·",3
"1426","¥jª÷Äå",2
"1427","¥m¾´",1
"1428","¥­¤Z",1
"1429","¥Ìª÷µØ",8
"1430","¥Ð©{»T",1
"1431","¥Ð®¦ºö",4
"1432","¥Ð¶®·s",75
"1433","¥Õ¤p¦p",21
"1434","¥Õ¤p¯ù",1
"1435","¥Õ¦Ð±ã",1
"1436","¥ì«F«F",1
"1437","¥ì²úµ·",1
"1438","¥ì´@",1
"1439","¥î¦u°¶",1
"1440","¦B¤H±i",1
"1441","¦B¤ß",1
"1442","¦V¯h¬z",5
"1443","¦h®R¯÷",2
"1444","¦w¦w",1
"1445","¦w±o¯P",3
"1446","¦¶¤å¸R",4
"1447","¦¶¥­ªÚ",10
"1448","¦¶¦¶",1
"1449","¦¶¦¿ÅS",2
"1450","¦¶¦Û±j",1
"1451","¦¶§µ±Ó",1
"1452","¦¶§ó·s",27
"1453","¦¶¨q©ú",1
"1454","¦¶¨|¯ø",2
"1455","¦¶¬îµ^",4
"1456","¦¶¯]",2
"1457","¦¶²Q¬Ã",1
"1458","¦¶²Ð¸q",1
"1459","¦·¦·¨à",1
"1460","¦¿§Ö¼Ö",2
"1461","¦¿¨q±ö",1
"1462","¦¿©v¿Ù",2
"1463","¦¿©y­s",7
"1464","¦¿ªFªF",1
"1465","¦¿ªéß»",2
"1466","¦¿«HºÖ",4
"1467","¦¿«~½Ë",2
"1468","¦¿¯À¶Ô",1
"1469","¦¿´P",1
"1470","¦¿ÝõÝõ",1
"1471","¦¿¹Å²Ü",1
"1472","¦¿ºa¥°",1
"1473","¦¿½¬¥É",1
"1474","¦À©ú´f",2
"1475","¦Ì¦èÅS",2
"1476","¦Ì¨äÀM",1
"1477","¦Ì®R",1
"1478","¦ÌÄQ",1
"1479","¦Ü¸t",1
"1480","¦ã¤Y",1
"1481","¦ã«}§õ",2
"1482","¦ã¯ô",3
"1483","¦ó¤p©f",3
"1484","¦ó¤p¼z",1
"1485","¦ó¤û",1
"1486","¦ó¦w´f",2
"1487","¦ó¦°¤é",6
"1488","¦ó©Î¥à",5
"1489","¦óª÷¨}",7
"1490","¦ó¬f¬õ",3
"1491","¦ó¯À­s",1
"1492","¦óÔÐ§±",2
"1493","¦ó²Q«C",1
"1494","¦ó²M¥þ",11
"1495","¦ó¶®¬Ã",2
"1496","¦ó¹a¥É",1
"1497","¦óºÑ®Z",4
"1498","§E¨Î»T",3
"1499","§E¶³¬Ã",2
"1500","§E»·©w",1
"1501","§d¤d¸U",1
"1502","§d¤l´¸",1
"1503","§d¤p´@",1
"1504","§d¤p¼z",1
"1505","§d¤å¬Â",1
"1506","§d¥l²Æ",1
"1507","§d¥É®Û",1
"1508","§d¥É²M",1
"1509","§d¥ÉµØ",1
"1510","§d¥ü¥Á",1
"1511","§d¦èªe",1
"1512","§d¨qºa",1
"1513","§d¨Îªâ",1
"1514","§d¨ý¬Â",1
"1515","§d©s©s",2
"1516","§d©u¬Ã",1
"1517","§d©y¯u",2
"1518","§d©y½@",1
"1519","§d©yæ¢",1
"1520","§d©y¾Ç",1
"1521","§d©¯«º",16
"1522","§d©ú¼ý",2
"1523","§d©ö¯Ð",3
"1524","§dªY¼ä",16
"1525","§dªY¿o",2
"1526","§dªµ²Þ",1
"1527","§dªÞ¦ç",1
"1528","§dª÷¤û",2
"1529","§dª÷©f",19
"1530","§d«a¾È",1
"1531","§d«§«§",1
"1532","§d«Ø§Ó",3
"1533","§d«Ø®x",5
"1534","§d¬L¼ý",1
"1535","§d¬î¿P",3
"1536","§d­b·ì",1
"1537","§dÐwæ£",1
"1538","§d­x§Ê",1
"1539","§d®¬",1
"1540","§d±ÓªÚ",1
"1541","§d²Qªâ",2
"1542","§d²Q¯u",1
"1543","§d²Ð·½",2
"1544","§d¶®¥P",4
"1545","§d¶®¯Â",1
"1546","§d·çªÚ",1
"1547","§d¸Ö´@",2
"1548","§dºa¿Q",1
"1549","§dºt§»",9
"1550","§d»Ê´¼",1
"1551","§d½Õµ^",2
"1552","§d¾Ë?",1
"1553","§d¿³¶Ç",14
"1554","§dÁJ½å",1
"1555","§dÁo²r",1
"1556","§dîTÐr",9
"1557","§dÂí­ë",1
"1558","§dÄR®S",3
"1559","§dÄ_½@",1
"1560","§^·R±i",1
"1561","§f¬L©y",1
"1562","§f²z¹B",4
"1563","§fºû­Å",2
"1564","Ê¹Ê¹³¯",6
"1565","§º¨q¬Â",1
"1566","§º¨|¦p",3
"1567","§º©öÀM",1
"1568","§º«É»ö",14
"1569","§º­×µÓ",2
"1570","§Å©É¾ì",2
"1571","§Å¬ü½¬",1
"1572","§Æ§Æ§õ",9
"1573","§Í¤ß",1
"1574","§Ñ¼~¨¦",2
"1575","§õ?·½",1
"1576","§õ¤jµX",5
"1577","§õ¤pªF",9
"1578","§õ¤p¼ä",2
"1579","§õ¤å",2
"1580","§õ¤é¶¯",1
"1581","§õ¦t±á",1
"1582","§õ¦w¦è",2
"1583","§õ§µ·O",1
"1584","§õ§Í§Í",2
"1585","§õ¨q¬À",1
"1586","§õ¨qÄõ",2
"1587","§õ¨Øªâ",1
"1588","§õ¨Î­i",1
"1589","§õ¨Î®R",1
"1590","§õ©s¦¼",3
"1591","§õ©vÂ@",2
"1592","§õ©vÂí",2
"1593","§õ©Éªâ",8
"1594","§õ©Ó«Û",7
"1595","§õ©û¾§",4
"1596","§õª@¼ý",1
"1597","§õ©ú?",1
"1598","§õªê¤ú",1
"1599","§õª÷Áo",1
"1600","§õ«º»ö",1
"1601","§õ«Û¨k",1
"1602","§õ¬F¾§",1
"1603","§õ¬Ã",1
"1604","§õ¬Õ´ü",2
"1605","§õ¬îªQ",2
"1606","§õ¬õ¨§",1
"1607","§õ¬üªâ",1
"1608","§õ¬ü¬Â",2
"1609","§õ¯ÀÀR",1
"1610","§õ°êºa",4
"1611","§õ²Q±Ó",1
"1612","§õÖq½¬",1
"1613","§õ³Õ¼y",1
"1614","§õ´@ÔÐ",1
"1615","§õ´I¦w",2
"1616","§õ¶®ªâ",1
"1617","§õ¶®µX",2
"1618","§õÞ·¬À",8
"1619","§õ·çÅï",1
"1620","§õ¸ü©[",1
"1621","§õºÑ¬õ",1
"1622","§õºÑ¯]",1
"1623","§õ¼ä¿o",1
"1624","§õ¾å¥É",1
"1625","§õ¿·?",1
"1626","§õ¿Ý¦w",3
"1627","§õÀA¶³",1
"1628","§õÀR",1
"1629","§õÀsÀs",4
"1630","§õÄ«Ä«",2
"1631","§ù¨q»ñ",1
"1632","§ù­Û",1
"1633","§ù¯\ºÂ",1
"1634","§ù²Qªâ",1
"1635","¨B¨B",4
"1636","¨Lª¾¤F",9
"1637","¨L¼ä",1
"1638","¨H­»­»",1
"1639","¨H´¼°ê",1
"1640","¨H¸t³Ç",1
"1641","¨Hºûºû",1
"1642","¨F¨½",6
"1643","¨q­ë",2
"1644","¨|¤¯³\",1
"1645","¨©©g",1
"1646","¨¯²\",3
"1647","¨·¼W¦t",1
"1648","¨¹¥§ºµ",4
"1649","¨½¥]®¦",5
"1650","¨Ì±Ý",1
"1651","ªì­Y¥É",2
"1652","¨ô·½²±",1
"1653","©P¤j­ô",13
"1654","©P§Ó«n",1
"1655","©P¨q±ö",1
"1656","©P«Ø¨¹",1
"1657","©P¬ü¨q",1
"1658","©P¬ü¬Â",1
"1659","©P¶®´@",2
"1660","©P¼ä¦p",3
"1661","©Pè®²[",1
"1662","©P¾åµ^",8
"1663","©P¾åÁ¨",5
"1664","©`©` ???",1
"1665","©s§Ê¦t",20
"1666","©s®a¼Ö",1
"1667","©¯®S",1
"1668","©É®SÁé",15
"1669","©ñ¤»¤Ñ",10
"1670","ª@­ô",2
"1671","©úªÛ·¨",1
"1672","ªL¤lµY",1
"1673","ªL¤lºö",4
"1674","ªL¤p§±",2
"1675","ªL¤pÌÉ",3
"1676","ªL¤¯¸q",1
"1677","ªL¤ß»ö",1
"1678","ªL¤å²Ý",1
"1679","ªL¤åÂE",1
"1680","ªL¥@¥É",3
"1681","ªL¥¿·¨",2
"1682","ªL¥É­¦",7
"1683","ªL¥É¯Â",1
"1684","ªL¥ß¶¯",1
"1685","ªL¦³",1
"1686","ªL¦Ðº³",3
"1687","ªL¦ÐÀP",7
"1688","ªL¦ö«°",1
"1689","ªL§®§®",1
"1690","ªL§»©ú",2
"1691","ªL§»¾ì",1
"1692","ªL§Â?",2
"1693","ªL¨Zª²",3
"1694","ªL¨q¤l",1
"1695","ªL¨q¨q",5
"1696","ªL¨qµÓ",2
"1697","ªL¨|¦p",1
"1698","ªL¨|¼y",3
"1699","ªL¨Øµ×",2
"1700","ªL¨Î¿o",31
"1701","ªL©s¬À",10
"1702","ªL©É­»",12
"1703","ªL©Ô©Ô",3
"1704","ªL©ú¥¿",12
"1705","ªLªä±á",2
"1706","ªLªÚ½@",1
"1707","ªLªåªå",11
"1708","ªLª÷¸U",1
"1709","ªLª÷Às",1
"1710","ªL«~¼H",1
"1711","ªLÎr¼ü",28
"1712","ªL¬F¹D",1
"1713","ªL¬K¼ü",2
"1714","ªL¬Â",1
"1715","ªL¬Ä·O",2
"1716","ªL¬À¦¼",1
"1717","ªL¬Ã¯]",1
"1718","ªL¬î®S",1
"1719","ªL¬îµÓ",31
"1720","ªLÐA¦t",3
"1721","ªL¬ü§ö",1
"1722","ªL¬ü©u",5
"1723","ªL¬ü¬ü",3
"1724","ªL¬ý§Â",1
"1725","ªL­^Ùy",4
"1726","ªL­s§g",1
"1727","ªL­{¹t",1
"1728","ªL­§°a",8
"1729","ªL®m½å",3
"1730","ªL®x¸©",9
"1731","ªL®õ¨¥",1
"1732","ªL¯P",1
"1733","ªL¯q·s",1
"1734","ªL¯ªÄÒ",1
"1735","ªL¯Àªâ",3
"1736","ªL°ö²z",1
"1737","ªL°Ò°Ò",1
"1738","ªL²Q®S",1
"1739","ªL²W©ú",4
"1740","ªL²M¶³",1
"1741","ªL³°·Ë",14
"1742","ªL´@´@",2
"1743","ªL´@ÀR",10
"1744","ªL´¼®S",2
"1745","ªL´ðÖö",4
"1746","ªLµû",4
"1747","ªL¶v¶h",1
"1748","ªL¶®ªÚ",1
"1749","ªL¶®±á",1
"1750","ªL¶®´@",1
"1751","ªL¶®µX",5
"1752","ªL¶®¼z",9
"1753","ªL¶¶¥É",2
"1754","ªL¶ê¶ê",1
"1755","ªL·O´f",2
"1756","ªLßN¦p",10
"1757","ªLßNÒj",2
"1758","ªLßN´@",4
"1759","ªL¹Åæ¢",1
"1760","ªLºÑ¯]",4
"1761","ªLºë­×",1
"1762","ªL»ñ½÷",1
"1763","ªL¼eÝÕ",1
"1764","ªL¼z",8
"1765","ªL½åºØ",2
"1766","ªL¾åµX",1
"1767","ªL¿PµÓ",1
"1768","ªL¿[¨ä",2
"1769","ªLÀRªâ",3
"1770","ªLÄ£°ó",1
"1771","ªLø@®x",1
"1772","ªZ¥q",1
"1773","ªZ¾åÁø",2
"1774","ªZÃÃ¤p³Í",5
"1775","ªÜÅÚ©Ô",1
"1776","ªá±²±²",1
"1777","ªá·¦µæ",1
"1778","ªÚÄõ",54
"1779","ªå¾¤",1
"1780","ªô¥É±ö",1
"1781","ªô¨Ø¬À",4
"1782","ªô«T¹Å",1
"1783","ªô«aº_",4
"1784","ªô«a¾§",4
"1785","ªô«³´Q",2
"1786","ªô¬L¿o",1
"1787","ªô¬R¾Ë",1
"1788","ªô­»µÙ",5
"1789","ªô²Q¶³",1
"1790","ªô²ï©g",1
"1791","ªô´f±Ó",3
"1792","ªôµY¨|",2
"1793","ªôµú³Ç",4
"1794","ªô¶®®S",1
"1795","ªô·çº·",1
"1796","ªôßN´@",1
"1797","ªô¼y·½",2
"1798","ªô¼ü",2
"1799","ªôÁ¨¦w",9
"1800","ªôÄR¥­",1
"1801","ªôÄÉ»ö",11
"1802","ªò©v½å",1
"1803","ª÷¥Ã¬_",4
"1804","ª÷¶Q",13
"1805","ª÷·×",1
"1806","«B¹L¤Ñ´¸",1
"1807","«C«C",1
"1808","«J¤pµÓ",1
"1809","«J¨Î¬Ã",8
"1810","«J®a±á",1
"1811","«J¼Ö¼Ö",2
"1812","«\²Qªâ",7
"1813","«n®c¦BÃý",3
"1814","«tºû",1
"1815","«À©¾",6
"1816","«¸¨qªÚ",1
"1817","«¸´f§°",3
"1818","«ÂÄR¹F",2
"1819","«ïÄÉ",2
"1820","¬I¤p¯ò",2
"1821","¬I¤p·ì",3
"1822","¬I¥É¥P",2
"1823","¬I®aÄÖ",9
"1824","¬I·çà±",1
"1825","¬IÄR®S",1
"1826","¬_¥Éµ^",1
"1827","¬_²Q¶®",1
"1828","¬_´@º_",1
"1829","¬_·¶´@",2
"1830","¬_·ë´f",1
"1831","¬v¤p¦Ì",3
"1832","¬z¬X",1
"1833","¬x¤ô¤ô",1
"1834","¬x¥°Às",1
"1835","¬x¥ò¼Ý",2
"1836","¬x¦x",2
"1837","¬x§Ó·ì",7
"1838","¬x¨©¨à",1
"1839","¬xÎr¬Â",3
"1840","¬x¬ü¬Â",1
"1841","¬x²Q¬Â",4
"1842","¬x²Q®S",3
"1843","¬x²ú²Q",1
"1844","¬x´¼",1
"1845","¬xµúÛß",4
"1846","¬x¶®¬Â",5
"1847","¬x·O¥Á",1
"1848","¬xÝÂÝÂ",2
"1849","¬x·ç©_",3
"1850","¬xßN®É",2
"1851","¬x¸Ö²[",1
"1852","¬xà±ªÚ",1
"1853","¬x¹Å°ß",1
"1854","¬x¼ü´@",2
"1855","¬x¾å·¬",11
"1856","¬°µ¾³\",2
"1857","ÏÉ¦w",4
"1858","¬î«³»Í",3
"1859","¬î¸ª",5
"1860","¬î¿P³¯",2
"1861","¬ö©ÓâW",19
"1862","¬ö°]·½",1
"1863","¬ö¿o¶­",7
"1864","¬ü§Â¬ü§Â",1
"1865","¬üªÚ¦¿",2
"1866","¬ý¼_",1
"1867","­J¤pËÛ",1
"1868","­J¥k©Ó",1
"1869","­J¨|»Ê",1
"1870","­J©ÉµÓ",1
"1871","­J«H¤h",15
"1872","­J¬ü¤H",1
"1873","­J­õÙy",1
"1874","­J²¢«ï",1
"1875","­Jµú²[",1
"1876","­J¶®ªâ",1
"1877","­J¹Åªå",1
"1878","­S´D³ì",1
"1879","­S·ç½¬",2
"1880","­S¸t®i",1
"1881","­SÄõ©j",5
"1882","­pàQ­m",7
"1883","­w¿à",12
"1884","­§ªå",11
"1885","­³Åt°a",16
"1886","­¸ÅÃ®R®R",2
"1887","­Ô«n­Å",3
"1888","­ÙµXµX",1
"1889","­ùÂP­ùÂP",1
"1890","­ð¨qµØ",14
"1891","­ðµÓ",4
"1892","®LªZ¤¹",1
"1893","®]¤¤¥ú",120
"1894","®]±R³Ó",1
"1895","®]·»¦ö",7
"1896","®]Þ³·s",3
"1897","®]¾å¦N",1
"1898","®]¾å§Í",3
"1899","®c­Y²ù",4
"1900","®u¼}»T",1
"1901","®wº¿Ä_²°",4
"1902","®}¤T¤T",6
"1903","®}§»´¼",1
"1904","®}§Ê¿«",31
"1905","®}§Óª@",1
"1906","®}¨q¥É",11
"1907","®}¯E¤å",2
"1908","®}¯È¶r",3
"1909","®}±ê®m",3
"1910","®}²ú§g",1
"1911","®}·sªN",3
"1912","®}Þ³§Ê",1
"1913","®}¹ÚíÙ",2
"1914","®}»»»»",1
"1915","®}¼e",2
"1916","®}½¯©g",1
"1917","®}Ä_¯]",1
"1918","®ï¤¯§»",1
"1919","¯\¦p¦p",1
"1920","¯³ÄÉ",1
"1921","¯Î¦Ë½Ë",1
"1922","¯Î©ú¬Ã",1
"1923","¯Î²Q®S",3
"1924","¯ÎÖö­Û",6
"1925","¯Î¹D³ü",3
"1926","¯ÎÄåÆq",3
"1927","¯Õ¤¯³Ç",1
"1928","¯üÂè ¬x",2
"1929","¯ù¦Ì¸­",6
"1930","¯ø¯ø",1
"1931","°q¤p§Ê",1
"1932","°¨²»",18
"1933","°¨¼zÀA",1
"1934","°ª¦Ê§u",1
"1935","°ª§Ó¤¯",1
"1936","°ª²Ð°a",3
"1937","°ªÖöºÕ",2
"1938","°ªºa±R",4
"1939","°ªíõ´@",27
"1940","°Ó´ËªL",11
"1941","°û¹Å",1
"1942","±Z©úªÛ",1
"1943","±Z³Ç´Ë",2
"1944","±Z´f¬Â",1
"1945","±d¤p²Ü",1
"1946","±d®aµØ",1
"1947","±d¯À­ë",3
"1948","±i ºû­Û",3
"1949","±i?©y",1
"1950","±i¤j§¬",12
"1951","±i¤pªå",4
"1952","±i¤pÏÌ",1
"1953","±i¤p¯ø",4
"1954","±i¤Ó¶§",1
"1955","±i¤¨ÂÈ",2
"1956","±i¤å«n",10
"1957","±i¤å¬F",3
"1958","±i¥©·O",6
"1959","±i¥É©~",8
"1960","±i¦N¤¯",1
"1961","±i¦t¬X",1
"1962","±i¦°³Ô",1
"1963","±i§D¦p",3
"1964","±i§g¶®",1
"1965","±i§µ©¾",3
"1966","±i§ÓÄË",4
"1967","±i¨q¤å",1
"1968","±i¨ØµX",22
"1969","±i¨Î¬Â",1
"1970","±i©yã¸",4
"1971","±iªRªR",1
"1972","±iªÛ»T",1
"1973","±iªäªä",1
"1974","±iªÚ¥É",3
"1975","±i«T´Ü",2
"1976","±i¬î¦À",1
"1977","±i¬ü¥É",1
"1978","±i¬ü²»",5
"1979","±i­b§D",2
"1980","±i­^®õ",5
"1981","±i­õ»¨",1
"1982","±i®bºð",5
"1983","±i®a¯q",1
"1984","±i°¶¥ß",1
"1985","±i±H¶³",8
"1986","±i²Qªâ",2
"1987","±i²Q´f",2
"1988","±iÖq´f",7
"1989","±iÖq¶²",11
"1990","±i²ú",1
"1991","±i´f´D",2
"1992","±iÙí¯]",1
"1993","±iµqµq",1
"1994","±iµµ²Þ",2
"1995","±iµØÄõ",1
"1996","±i¶®ªâ",1
"1997","±i¶®³ì",1
"1998","±i¶®´f",12
"1999","±i¶®¶{",4
"2000","±i¶®¶®",1
"2001","±i¶¶®x",2
"2002","±i·çÁø",2
"2003","±ià±ªä",5
"2004","±i¹ÅªÚ",1
"2005","±i¹Å»T",1
"2006","±iáX¿²",2
"2007","±iºa¬K",5
"2008","±iº¡",1
"2009","±i»ñ¬Â",1
"2010","±i¾Ð±ö",1
"2011","±i¾ÐµÓ",2
"2012","±i¾ÐÄõ",1
"2013","±i¾å­Û",2
"2014","±iÀA¬î",3
"2015","±iÀR",1
"2016","±iÀR¤¨",2
"2017","±iÀRª³",1
"2018","±iïõ©É",1
"2019","±iÃ£¤è",4
"2020","±iÄR¥É",2
"2021","±iÄR»T",1
"2022","±iÄÖÄÖ",2
"2023","±iÅAÄ£",2
"2024","±ç§Ó»·",25
"2025","±ç¨qª´",1
"2026","±ç¬î¤¯",5
"2027","±ç®aµØ",1
"2028","±ç´J²±",1
"2029","±ö¤l",1
"2030","²b´´²b´´",3
"2031","Öq¯ø³¯",4
"2032","²¢²¢©P",1
"2033","Ö¼Ö¼°ª",7
"2034","²ø¤l´ü",2
"2035","²ø¤p¨Ä",1
"2036","²ø¤p©f",1
"2037","²ø¥ÉÁ÷",5
"2038","²ø§N¤s",1
"2039","²ø¨qºa",7
"2040","²ø©yÀR",1
"2041","²ø°Ò§Â",1
"2042","²ø²ø",3
"2043","²ø´f±Ó",2
"2044","²ø´f´@",2
"2045","²ø¶®¶²",9
"2046","²ø¾å´f",4
"2047","²ï¤]¨Î",4
"2048","³\¤D¤ß",8
"2049","³\¤p´P",12
"2050","³\¤pÄ_",1
"2051","³\¤©®¦",1
"2052","³\¤¯­×",5
"2053","³\¤å«G",2
"2054","³\¥Áºa",14
"2055","³\§»¤¯",2
"2056","³\§Ó¥þ",2
"2057","³\¨qµØ",1
"2058","³\¨Ø¥É",1
"2059","³\ªY´f",2
"2060","³\«¦«¦",3
"2061","³\¬L¶¯",5
"2062","³\­Æºû",3
"2063","³\¯§²Æ",1
"2064","³\³ß§À",7
"2065","³\´I´¼",2
"2066","³\´W²N",1
"2067","³\´f¬Â",1
"2068","³\´}¤@",8
"2069","³\µ³µ³",1
"2070","³\µ×µ×",1
"2071","³\¶h¾ì",1
"2072","³\¶®ÜH",1
"2073","³\·R¥É",1
"2074","³\·OªÚ",1
"2075","³\Þ±µD",5
"2076","³\¸R¸R",1
"2077","³\ºÑ¬Â",14
"2078","³\»¨",1
"2079","³\»Ê·×",1
"2080","³\¼Ö¤¤",1
"2081","³\¼Ö¬¡",8
"2082","³\¾å¯u",1
"2083","³\Ã£¤ª",1
"2084","³\Ä_¤å",1
"2085","³\Ä£¤å",1
"2086","³q¥È¹D¾Â",1
"2087","³s¥Ãµo",16
"2088","³s¨q¤l",4
"2089","³s¯À±ö",1
"2090","³s¾å¼_",11
"2091","³¢¤ë¬ü",1
"2092","³¢¥¿Ã¶",1
"2093","³¢©É§D",1
"2094","³¢ªQ²W",1
"2095","³¢Íº¦w",11
"2096","³¢ªå§Ê",4
"2097","³¢«T§»",5
"2098","³¢«T³Ç",2
"2099","³¢«T¶}",3
"2100","³¢«º©g",2
"2101","³¢­^«a",1
"2102","³¢²Q¯ø",4
"2103","³¢ßÇ®S",5
"2104","³¢ºÖ¬P",1
"2105","³¯ §®¬Â",2
"2106","³¯¤h¶v",4
"2107","³¯¤j§ë",1
"2108","³¯¤l®¦",15
"2109","³¯¤p¤Z",1
"2110","³¯¤pªá",2
"2111","³¯¤p®S",1
"2112","³¯¤p´@",2
"2113","³¯¤p¿ß",1
"2114","³¯¤¸»Ê",1
"2115","³¯¤Ñ¤Ñ",2
"2116","³¯¤ß©É",2
"2117","³¯¤åµ^",1
"2118","³¯¥@©÷",1
"2119","³¯¥§¥i",2
"2120","³¯¥©¾ì",2
"2121","³¯¥¿©M",6
"2122","³¯¥ì¼ü",8
"2123","³¯¦w¦w",1
"2124","³¯§{Þø",1
"2125","³¯§Ó­è",10
"2126","³¯§ñµX",9
"2127","³¯¨J×l",1
"2128","³¯¨I¨°",5
"2129","³¯¨q¦p",2
"2130","³¯¨qÁø",1
"2131","³¯¨È¬Â",4
"2132","³¯¨Î²ú",1
"2133","³¯¨ÎµY",1
"2134","³¯©vÅï",9
"2135","³¯©w¼Ý",1
"2136","³¯©y½@",1
"2137","³¯©É¥Ð",1
"2138","³¯©É¦p",3
"2139","³¯©É©ø",1
"2140","³¯©ÉÀW",1
"2141","³¯©ú¤¯",13
"2142","³¯ªl¿Ù",1
"2143","³¯ª³ÀB",2
"2144","³¯ªâªÚ",5
"2145","³¯ªé×l",1
"2146","³¯«T¦ö",1
"2147","³¯«WµØ",2
"2148","³¯«~§J",4
"2149","³¯«~¨q",1
"2150","³¯Îg¦Ð",1
"2151","³¯«Â§Ê",1
"2152","³¯«Â¾±",4
"2153","³¯«É¹ç",4
"2154","³¯«Ø¤Ð",1
"2155","³¯«Ø´Ë",2
"2156","³¯«Û§e",2
"2157","³¯«ä¨¥",1
"2158","³¯¬°¤¯",5
"2159","³¯¬À¬À",7
"2160","³¯¬Õ»T",14
"2161","³¯¬ü¬ü",4
"2162","³¯¬ü¯]",1
"2163","³¯¬ü´f",1
"2164","³¯¬ü»ñ",2
"2165","³¯­P¤¯",2
"2166","³¯­s",1
"2167","³¯­³§Ó",1
"2168","³¯­³¾Ë",3
"2169","³¯®x«Û",1
"2170","³¯®Ñ°¶",3
"2171","³¯±Ò¤t",1
"2172","³¯±Ò·ç",4
"2173","³¯±`¬ã",20
"2174","³¯±}±}",2
"2175","³¯²Q?",3
"2176","³¯²Q©y",2
"2177","³¯²Q¯u",1
"2178","³¯²Q´D",1
"2179","³¯²MªQ",1
"2180","³¯²±«a",2
"2181","³¯²»ÄP",6
"2182","³¯´f±Ó",3
"2183","³¯´¼¸Û",2
"2184","³¯´Ë",1
"2185","³¯µD",6
"2186","³¯µaµa",1
"2187","³¯µX¿P",1
"2188","³¯Ú{ËÇ",8
"2189","³¯Ú{¬X",1
"2190","³¯¶®­ë",1
"2191","³¯·Ôºû",1
"2192","³¯·çµY",1
"2193","³¯¸U«H",34
"2194","³¯¸©",3
"2195","³¯¸¾ªâ",7
"2196","³¯¸Î¶©",3
"2197","³¯¹t¶²",12
"2198","³¯¹ÅÄÖ",3
"2199","³¯¹Ê¤ñ",1
"2200","³¯º~²»",1
"2201","³¯ºùæ¢",7
"2202","³¯»Ê",4
"2203","³¯»ÔµØ",6
"2204","³¯»ö¬X",1
"2205","³¯¼w´P",10
"2206","³¯¼wµá",3
"2207","³¯¼z¯]",3
"2208","³¯¼üªÛ",1
"2209","³¯æç²Þ",1
"2210","³¯æøÀé",1
"2211","³¯½ËùÚ",2
"2212","³¯¾A¤§",2
"2213","³¯¾_",36
"2214","³¯¾§©É",1
"2215","³¯¾å¶²",2
"2216","³¯¾å¹a",3
"2217","³¯ÀR´f",2
"2218","³¯Á¨¦p",3
"2219","³¯Á¨µX",2
"2220","³¯ÂE¤É",3
"2221","³¯ñüÀR",2
"2222","³¯Ãý¦p",1
"2223","³¯ÄR¤å",4
"2224","³¯ÄR¦p",2
"2225","³¯ÄR§°",5
"2226","³¯ÄRµÓ",1
"2227","³¯Äm©¾",2
"2228","³¯Ä£³©",1
"2229","³°¨q¿·",4
"2230","³Á³Á",1
"2231","³Å¶®·L",5
"2232","³ÍÍ´",2
"2233","³Íº¸¤å",1
"2234","³Ò×l?",5
"2235","³Õ´µªL",17
"2236","³ì¦w®R",1
"2237","³ìªv",1
"2238","´@´@",2
"2239","´X¦Ì¶W",2
"2240","´^¥ÉªÚ",4
"2241","´^¬ü¦Ë",2
"2242","´^­§ºd",3
"2243","´^®Ûµ^",2
"2244","´^®ü¼z",4
"2245","´^¶³¯M",3
"2246","´^¸ÖÂÈ",3
"2247","´^¹FÄË",1
"2248","´^ºøºø",1
"2249","´^ÂL¶²",4
"2250","´^ÂI",2
"2251","´¸¶²",2
"2252","´¿¤d´f",3
"2253","´¿¤j¾W",1
"2254","´¿¥ÃªÚ",1
"2255","´¿¥É³s",1
"2256","´¿¥ß©ú",4
"2257","´¿§°Öq",1
"2258","´¿¬ü¬ü",1
"2259","´¿Ó}Ó}",2
"2260","´¿°p¥D",1
"2261","´¿²»«°",2
"2262","´¿´fà±",3
"2263","´¿µa´A",1
"2264","´¿¾å¬À",3
"2265","´¿ÄR®S",1
"2266","´å¥ÉµÓ",15
"2267","´å¨K®¦",1
"2268","´å®aÂí",7
"2269","´å¯\¬À",2
"2270","´å²QÄR",1
"2271","´åµÎ¶®",3
"2272","´å¶®µ×",6
"2273","´å»ÈÄõ",1
"2274","´ö´ö",3
"2275","´ö·çµÓ",1
"2276","µU­C",2
"2277","µ^©j½²",4
"2278","µ|¾§¯Ñ",13
"2279","µ{«T¼ä",4
"2280","µ{¯u",1
"2281","µ{±ö±ö¤l",1
"2282","µ{²Q¼z",4
"2283","µ£«~º_",1
"2284","µµ¦ã¸©",4
"2285","µµ¸²µå",2
"2286","Û£Û£¿à",22
"2287","µæ¥Ê¥¬",1
"2288","µØ©f",9
"2289","µØ¾åªÚ",2
"2290","¶P³Í¸Î",6
"2291","¶®´f",5
"2292","¶²¨U",4
"2293","¶¾§Ó«Ì",2
"2294","¶¾µYºÕ",6
"2295","¶À¤_Þ±",1
"2296","¶À¤j¬ü",3
"2297","¶À¤l¬Â",2
"2298","¶À¤p¨|",46
"2299","¶À¤p²[",17
"2300","¶À¤p²y",1
"2301","¶À¤Ñ¤Ñ",2
"2302","¶À¤å?",1
"2303","¶À¤ë¼b",1
"2304","¶À¥@ªN",1
"2305","¶À¥®»T",1
"2306","¶À¥à¶©",1
"2307","¶À¥ô",3
"2308","¶À¦N¦¨",1
"2309","¶À§°µØ",2
"2310","¶À§µ¿Q",2
"2311","¶À§Ó½å",3
"2312","¶À¨K?",1
"2313","¶À¨q¤ë",1
"2314","¶À¨q­ë",2
"2315","¶À¨q»ñ",3
"2316","¶À¨Îµx",6
"2317","¶À©|",1
"2318","¶À©ÉºÕ",4
"2319","¶À©ÉÄÉ",10
"2320","¶À©Ó",17
"2321","¶ÀÌÉ",3
"2322","¶À©÷½å",3
"2323","¶À©ú²l",1
"2324","¶Àª¢½÷",1
"2325","¶Àªø¹Ø",1
"2326","¶À«H´¼",2
"2327","¶À«i¥ú",2
"2328","¶ÀÎrºö",1
"2329","¶À«ÉÙê",1
"2330","¶À«Éµ{",1
"2331","¶À«Û·O",1
"2332","¶À¬PÀs",1
"2333","¶À¬K©f",1
"2334","¶À¬`ºa",1
"2335","¶À¬Ó",6
"2336","¶À¬è¾ì",2
"2337","¶À¬îµ^",1
"2338","¶ÀÐA´¼",3
"2339","¶À¬ü­^",1
"2340","¶À¬ü¯]",3
"2341","¶À­Y´¸",8
"2342","¶À­§¶²",1
"2343","¶À®x«¶",3
"2344","¶À¯\Þ±",3
"2345","¶À¯Â¤l",1
"2346","¶À¯ø·N",8
"2347","¶À°¶­Û",1
"2348","¶À°¶¸Û",1
"2349","¶À°·­¼",2
"2350","¶À°ê²»",1
"2351","¶À±Ó¦¶",9
"2352","¶À²QµÓ",1
"2353","¶À²QÀR",1
"2354","¶ÀÖqªµ",3
"2355","¶À²ú®S",1
"2356","¶À³ÍÓ}",1
"2357","¶À´Ë´Ë",1
"2358","¶Àµ{·R",4
"2359","¶Àµ×¼ü",1
"2360","¶À¶i¨Ó",2
"2361","¶À¶®­d",1
"2362","¶À¶®¯ø",1
"2363","¶À¸©¸©",1
"2364","¶À¸Î´f",1
"2365","¶À¹t»ö",29
"2366","¶À¹Å®a",3
"2367","¶Àº¸©É",6
"2368","¶À»AÄõ",1
"2369","¶À»ñ²Ü",12
"2370","¶ÀÀu¤ë",2
"2371","¶ÀÃ£´f",13
"2372","¶ÀÃ£¼z",1
"2373","¶ÀÃè³®",1
"2374","¶ÀÄH·®",3
"2375","¶ÀÄRµØ",1
"2376","¶ÀÄR¿o",6
"2377","¶ÀÄÀ½å",1
"2378","¶ÀÄã¨à",1
"2379","·R§g",5
"2380","·RÀ°",2
"2381","·RÄR¨à",1
"2382","·¨¤_¼z",1
"2383","·¨¤p¤ò",1
"2384","·¨¥@¶v",2
"2385","·¨¥þ§B",1
"2386","·¨§õ¯ÀÅÊ",8
"2387","·¨©ú©[",1
"2388","·¨ªäÞ·",1
"2389","·¨¬KÄR",1
"2390","·¨¬h",1
"2391","·¨­×©ú",3
"2392","·¨®x¶v",1
"2393","·¨®Û®Z",1
"2394","·¨¯\§g",4
"2395","·¨¯\»ö",1
"2396","·¨°êªÚ",1
"2397","·¨±¾©À",5
"2398","·¨±Óµ×",1
"2399","·¨±ê©É",1
"2400","·¨²Q®S",1
"2401","·¨Öq¶{",2
"2402","·¨³ì³ì",1
"2403","·¨´f·O",5
"2404","·¨¸Uªk",1
"2405","·¨¸U®õ",7
"2406","·¨¸Î½÷",2
"2407","·¨¹B¼w",1
"2408","·¨½÷",12
"2409","·¨¿AÂb",5
"2410","·¨Âí°]",1
"2411","·¨ÄR¤å",1
"2412","·¨ÄR­ë",3
"2413","·¨Ä_",2
"2414","·Å­d§u",1
"2415","·Å®X",8
"2416","·Å¾å¹Ú",16
"2417","Þ³¤p´@",1
"2418","ßN»T",6
"2419","¸U ¾_",2
"2420","¸U¸U",2
"2421","¸­ ßN´@",3
"2422","¸­¤l",5
"2423","¸­§»±l",1
"2424","¸­¨q¼ü",8
"2425","¸­©É§g",1
"2426","¸­ª÷¶Ç",4
"2427","¸­ªü¨Z",4
"2428","¸­²Q¬Ã",1
"2429","¸­²Q°»",2
"2430","¸­²üªá",1
"2431","¸­Ú{µÓ",1
"2432","¸­¶Q",1
"2433","¸­ß¬ß¬",1
"2434","¸­ÄRµ^",3
"2435","¸³¨K°a",1
"2436","¸³«a©ö",1
"2437","¸³Ä~¤¸",2
"2438","¸Á»eÂfÂc",2
"2439","¸â©ú¿«",2
"2440","¸â­âÞ·",2
"2441","¸â®aÚz",1
"2442","¸âµú±¶",3
"2443","¸âòÔêü",1
"2444","¹Q¤j¬ü",1
"2445","¹Q©|¾±",6
"2446","¹Q¬F¦N",3
"2447","¹QÄR­»",2
"2448","¹p ®xºÕ",4
"2449","¹p¤ú",3
"2450","¹p¾_ªL",1
"2451","¹t²[",1
"2452","¹Å¶²",1
"2453","¹ù¥½¥½",1
"2454","¹ù¦ó´Ñ",2
"2455","¹ù§u¬À",1
"2456","¹ù§Ó¿o",24
"2457","¹ù¨|±o",1
"2458","¹ù¨Ì±á",3
"2459","¹ù©g®R",2
"2460","¹ùªÖåb",1
"2461","¹ù¬Rµ¾",1
"2462","¹ù¬ÂÄõ",1
"2463","¹ù®Û?",1
"2464","¹ù±m¨q",3
"2465","¹ù´f¯ø",2
"2466","¹ù¸©¬Õ",4
"2467","¹ù¼z¿P",1
"2468","ºñ¤ô¤ß",4
"2469","ºñ¯ù¶À",1
"2470","ºû°ê°ª",1
"2471","»F©¾",4
"2472","»¯¤p¥ú",3
"2473","»¯«T´I",2
"2474","»¯¯\­d",6
"2475","»¯¼z¼z",4
"2476","»´ÃP¤p´Ì",5
"2477","»ñ¨à",1
"2478","»ô¤j¸t",4
"2479","¼B?ÞE",41
"2480","¼B¤S¤¯",1
"2481","¼B¤p¥d",4
"2482","¼B¤¯´f",1
"2483","¼B¤Ñ¦ö",2
"2484","¼B¤å´¼",2
"2485","¼B¤ë®e",4
"2486","¼B¥ÃµØ",1
"2487","¼B¦t®p",1
"2488","¼B©s©g",2
"2489","¼B©yã¸",18
"2490","¼B©¨µØ",1
"2491","¼B©¯©y",1
"2492","¼B©É§D",2
"2493","¼B©É§¡",1
"2494","¼B©É­Å",1
"2495","¼BªÛ¨ç",9
"2496","¼Bªâªâ",1
"2497","¼Bªéß»",5
"2498","¼B«a¤_",2
"2499","¼B¬ü¬Â",12
"2500","¼B¬ü´©",4
"2501","¼B­µ§Q",2
"2502","¼B®S®S",1
"2503","¼B®x²ú",1
"2504","¼B°aÂ{",1
"2505","¼B°ê¶i",1
"2506","¼B¶®´ð",1
"2507","¼B·çª´",2
"2508","¼B¹Åª³",1
"2509","¼B¹Ç©÷",1
"2510","¼BºÑ¨ý",12
"2511","¼B»ñ­â",3
"2512","¼B½Ë§g",2
"2513","¼B¾åµX",2
"2514","¼BÀR©y",2
"2515","¼BÁ¨Á¨",3
"2516","¼BÃ£¶®",4
"2517","¼BÃý·O",10
"2518","¼BÄRª´",26
"2519","¼T¼T³å³å",4
"2520","¼y¦¨¶Q¯]",1
"2521","¼Ö·RÄR",10
"2522","¼Ú¦K",1
"2523","¼Ú«n«n",1
"2524","¼Ú¬îËr",2
"2525","¼Ú¯Â·½",1
"2526","¼Ú²Q°û",1
"2527","¼ï§Ó³Ç",1
"2528","¼ï«Øª@",10
"2529","¼ï²Q­s",1
"2530","¼ïßNæX",2
"2531","¼ï¸Û¤@",4
"2532","¼ï¼z¬Â",46
"2533","¼ï¼ï",2
"2534","¼áªG",1
"2535","½² ÄR´f",1
"2536","½²¤jÀs",4
"2537","½²¤pªâ",1
"2538","½²¤pªÚ",2
"2539","½²¤Ö·½",2
"2540","½²¤åÆA",16
"2541","½²¥©¥©",1
"2542","½²¦Ì­»",1
"2543","½²§D§g",1
"2544","½²©_§®",1
"2545","½²©v­õ",1
"2546","½²©y§e",20
"2547","½²©¯®S",3
"2548","½²©ýæ¢",5
"2549","½²ªY§±",1
"2550","½²ªY·ì",3
"2551","½²«~±Û",9
"2552","½²­i?",2
"2553","½²­§¬v",1
"2554","½²®¶³°",9
"2555","½²²Q´D",1
"2556","½²´f¥É",2
"2557","½²´f§u",1
"2558","½²´f¬ü",1
"2559","½²µÑ¤è",1
"2560","½²¶³¼z",1
"2561","½²·ç±l",4
"2562","½²º¸°ª",1
"2563","½²¼Ö¬P",2
"2564","½²¿P¦p",1
"2565","½²ïú§¡",1
"2566","½Ã¬À",1
"2567","½Þ¤p¯\",2
"2568","½Þ¤p¯ø",3
"2569","½÷½÷",1
"2570","¾H¤ßÔÐ",1
"2571","¾H¬üµØ",1
"2572","¾H®ü¬Â",4
"2573","¾H´P¤ë",1
"2574","¾H·s?",1
"2575","¾G¤p¤å",50
"2576","¾G¤å¥¿",21
"2577","¾G¥i­d",2
"2578","¾G¥ü¶v",24
"2579","¾G¦N®õ",2
"2580","¾G¦h¦h",1
"2581","¾G¦t²[",1
"2582","¾G¦Ì§D",3
"2583","¾G¦Ö§ü",1
"2584","¾G¨q¨q",5
"2585","¾G¨q¼ü",137
"2586","¾G¨q½¬",1
"2587","¾G¬X¬X",6
"2588","¾G¬Â´¼",25
"2589","¾G¬îÄõ",1
"2590","¾G­×­Û",96
"2591","¾G²Q¼z",4
"2592","¾GÖq¤µ",6
"2593","¾G³Ç¤¯",1
"2594","¾G´I¸Î",2
"2595","¾G´f§¡",1
"2596","¾G´f·ì",11
"2597","¾G¶®ªâ",3
"2598","¾G¶ý¶ý",3
"2599","¾GÝõ¥Ð",1
"2600","¾G»¨½Þ",1
"2601","¾GÁÉ´µ",6
"2602","¾GÂI",12
"2603","¾GÄR¬ü",1
"2604","¾Ð¬ÂªL",2
"2605","¾å­s",2
"2606","¿c¥ß°¶",1
"2607","¿c§Ó»Ê",4
"2608","¿c¨|¹ç",1
"2609","¿c©`¨Î",1
"2610","¿c©ú¥É",1
"2611","¿cÎr§u",2
"2612","¿c¬ü§D",1
"2613","¿½¤pÔÐ",2
"2614","¿½¦³§Ó",1
"2615","¿½Ê¹·J",1
"2616","¿½¨Ø¨Ø",7
"2617","¿½ª÷¸­",1
"2618","¿½¬K¯]",8
"2619","¿½®Z",2
"2620","¿½°ê¤å",1
"2621","¿½¹Å­Z",1
"2622","¿½¹Å¿³",1
"2623","¿à¥@¯E",1
"2624","¿à¨Ó¼w",8
"2625","¿à«h¹ç",1
"2626","¿à«Å?",1
"2627","¿à¬F³Ç",1
"2628","¿à°·°a",2
"2629","¿à¶®«F",1
"2630","¿ú¬ü",1
"2631","ÀF«ä¦¼",5
"2632","ÀRºÖ",6
"2633","ÀsÁ`¸Û",2
"2634","Àu©`¤l",2
"2635","À³§Í©y",2
"2636","À¹¤p¦p",1
"2637","À¹§±¬À",2
"2638","À¹¨q¶³",3
"2639","À¹·ç·ç",4
"2640","À¹º~©ú",2
"2641","À¹»È°]",8
"2642","À¹ÄRªâ",1
"2643","Á{¹Ç¹G",1
"2644","Á¨Á¨©g",5
"2645","Á§¤ß©y",1
"2646","Á§²[¤è",4
"2647","Á§´f±Ó",1
"2648","Á§ºû¤O",1
"2649","ÁÂ¤p¨Ä",4
"2650","ÁÂ¥I¬ô",1
"2651","ÁÂ¥É­s",1
"2652","ÁÂ§Ó»¨",1
"2653","ÁÂ¨ØªÚ",1
"2654","ÁÂ¨Ø·O",9
"2655","ÁÂ¨Î¾ì",2
"2656","ÁÂ©v¾Ë",1
"2657","ÁÂ©y®a",5
"2658","ÁÂ©y°a",2
"2659","ÁÂªÃ¶v",2
"2660","ÁÂ«Éñ¯",12
"2661","ÁÂ²h¿³",1
"2662","ÁÂ´Â³Í",1
"2663","ÁÂ´ò¬Ã",1
"2664","ÁÂ·¢¦p",5
"2665","ÁÂ·çÄõ",18
"2666","ÁÂºÑªK",1
"2667","ÁÂ»Ê¬w",1
"2668","ÁÂ»Ê¿³",1
"2669","ÁÂÀA",2
"2670","ÁÂÄ£©[",1
"2671","Áé¤@ºa",1
"2672","Áé¤h¬°",6
"2673","Áé¬±¼e",1
"2674","Áé¬Â´f",1
"2675","Áé¬ü­»",7
"2676","Áé­^©j",1
"2677","Áé®a¹Å",6
"2678","Áé±N´ö",1
"2679","Áé»A¬ü",1
"2680","Áú¥@¤Í",2
"2681","Áú¬fì÷",15
"2682","ÁúÔÑ",6
"2683","Áú²N²N",2
"2684","Â²§D«W",1
"2685","Â²¨q§õ",1
"2686","Â²¨q¿o",1
"2687","Â²¬îªL",1
"2688","Â²²Q¦p",1
"2689","Â²·N¶²",2
"2690","Â²·s¯q",1
"2691","Â²·ØµM",142
"2692","Â²¹t¾§",1
"2693","ÂÂ¤H¤§·R",8
"2694","ÂÅ¤Ñ",3
"2695","ÂÅ¶®´@",1
"2696","ÂÅ»ñ¦¼",1
"2697","ÃC¨°ºû",1
"2698","ÃC¬÷¬î",1
"2699","ÃCºa­¦",1
"2700","ÃQ®ü±ö",4
"2701","ÃQ±Ó¶¯",6
"2702","ÃQ´@´@",1
"2703","Ã¸«WµØ",1
"2704","Ã¹¤p¦p",1
"2705","Ã¹¤Ã¨°",2
"2706","Ã¹¥É¬î",1
"2707","Ã¹¥òµq",3
"2708","Ã¹©ú¸q",2
"2709","Ã¹ªY°¶",1
"2710","Ã¹ª÷¥É",19
"2711","Ã¹«B¥c",1
"2712","Ã¹¯À¿²",1
"2713","Ã¹¸a´@",1
"2714","Ã¹ºa«H",1
"2715","Ã¹ÀA´Å",3
"2716","ÃÓ­§ªâ",1
"2717","ÃöÐ£¬ü",2
"2718","Ãö·ì§g",3
"2719","ÄR¯u",4
"2720","ÄY¥VÄ«",18
"2721","ÄY®x",1
"2722","Ä¬¤@®p",9
"2723","Ä¬¤Z¶®",2
"2724","Ä¬¤p®S",2
"2725","Ä¬«W¤¯",2
"2726","Ä¬¬Õ¸h",2
"2727","Ä¬ÐFä¡",1
"2728","Ä¬­õÀM",1
"2729","Ä¬²Q®S",6
"2730","Ä¬µá",1
"2731","Ä¬µá¶®",1
"2732","Ä¬·ç¬î",4
"2733","Ä¬ÀR¦p",1
"2734","Ä¬ÀØ",2
"2735","Ä¬Â×°]",1
"2736","ÄÁ¤jµ×",1
"2737","ÄÁ¦¨",1
"2738","ÄÁ­Û",2
"2739","ÄÁºñ¨à",2
"2740","ÄÇ¥V±ö",1
"2741","ÅÇ¦Ë",4
"2742","ÅÇÃ·ªZ",4
